Africa/Abidjan	Africa/Abidjan	f3e7fcaa0e9840ff4169d3567d8fb5926644848f4963d7acf92320843c5d486e
Africa/Accra	Africa/Accra	f3e7fcaa0e9840ff4169d3567d8fb5926644848f4963d7acf92320843c5d486e
Africa/Addis_Ababa	Africa/Addis_Ababa	0783854f52c33ada6b6d2a5d867662f0ae8e15238d2fce7b9ada4f4d319eb466
Africa/Algiers	Africa/Algiers	2f69d2e202cd16fba8f3da7762d07e9520d8636dbce12aa4187f6941023cbb07
Africa/Asmara	Africa/Asmara	0783854f52c33ada6b6d2a5d867662f0ae8e15238d2fce7b9ada4f4d319eb466
Africa/Asmera	Africa/Asmara	0783854f52c33ada6b6d2a5d867662f0ae8e15238d2fce7b9ada4f4d319eb466
Africa/Bamako	Africa/Bamako	f3e7fcaa0e9840ff4169d3567d8fb5926644848f4963d7acf92320843c5d486e
Africa/Bangui	Africa/Bangui	e5ef1288571cc56c5276ca966e1c8a675c6747726d758ecafe7effce6eca7be4
Africa/Banjul	Africa/Banjul	f3e7fcaa0e9840ff4169d3567d8fb5926644848f4963d7acf92320843c5d486e
Africa/Bissau	Africa/Bissau	c1adeebdad76f5d2474428bbb58b74e2414e9f5fa8b0c4b669f32395e3bd983c
Africa/Blantyre	Africa/Blantyre	910c97c091cd34ae7427c83226234ce7b4f2f425c5822d6669c24be62010a792
Africa/Brazzaville	Africa/Brazzaville	e5ef1288571cc56c5276ca966e1c8a675c6747726d758ecafe7effce6eca7be4
Africa/Bujumbura	Africa/Bujumbura	910c97c091cd34ae7427c83226234ce7b4f2f425c5822d6669c24be62010a792
Africa/Cairo	Africa/Cairo	89cb9a36212fb82e933dcd9faa10efdfa969a29ec80c32063bbb4518c033d1be
Africa/Casablanca	Africa/Casablanca	244efad44d2644adb41377f3966cac2c07d96a56bd200a695e7a925cbfb35b59
Africa/Ceuta	Africa/Ceuta	a042202b9dda7f3d52631601fc3d2347df12b37839f35c9bf139cba693da61c6
Africa/Conakry	Africa/Conakry	f3e7fcaa0e9840ff4169d3567d8fb5926644848f4963d7acf92320843c5d486e
Africa/Dakar	Africa/Dakar	f3e7fcaa0e9840ff4169d3567d8fb5926644848f4963d7acf92320843c5d486e
Africa/Dar_es_Salaam	Africa/Dar_es_Salaam	0783854f52c33ada6b6d2a5d867662f0ae8e15238d2fce7b9ada4f4d319eb466
Africa/Djibouti	Africa/Djibouti	0783854f52c33ada6b6d2a5d867662f0ae8e15238d2fce7b9ada4f4d319eb466
Africa/Douala	Africa/Douala	e5ef1288571cc56c5276ca966e1c8a675c6747726d758ecafe7effce6eca7be4
Africa/El_Aaiun	Africa/El_Aaiun	acbe5a45f91f14e4c181c9ffee3952cb9300f5c6215fed8a48d2c66f2ae11774
Africa/Freetown	Africa/Freetown	f3e7fcaa0e9840ff4169d3567d8fb5926644848f4963d7acf92320843c5d486e
Africa/Gaborone	Africa/Gaborone	910c97c091cd34ae7427c83226234ce7b4f2f425c5822d6669c24be62010a792
Africa/Harare	Africa/Harare	910c97c091cd34ae7427c83226234ce7b4f2f425c5822d6669c24be62010a792
Africa/Johannesburg	Africa/Johannesburg	d19aebe2435c4e84bf7ae65533d23a9d440f98162e5b4d69c73f783e02299ec8
Africa/Juba	Africa/Juba	553a683003fe8c9e9c2ac0de355afb9772ca1a8283531194d9bd60aaf0cfcf7e
Africa/Kampala	Africa/Kampala	0783854f52c33ada6b6d2a5d867662f0ae8e15238d2fce7b9ada4f4d319eb466
Africa/Khartoum	Africa/Khartoum	351c0ec08838491e97b83d75937871073efbba8069cde8d7abbbf1b6ad97cacf
Africa/Kigali	Africa/Kigali	910c97c091cd34ae7427c83226234ce7b4f2f425c5822d6669c24be62010a792
Africa/Kinshasa	Africa/Kinshasa	e5ef1288571cc56c5276ca966e1c8a675c6747726d758ecafe7effce6eca7be4
Africa/Lagos	Africa/Lagos	e5ef1288571cc56c5276ca966e1c8a675c6747726d758ecafe7effce6eca7be4
Africa/Libreville	Africa/Libreville	e5ef1288571cc56c5276ca966e1c8a675c6747726d758ecafe7effce6eca7be4
Africa/Lome	Africa/Lome	f3e7fcaa0e9840ff4169d3567d8fb5926644848f4963d7acf92320843c5d486e
Africa/Luanda	Africa/Luanda	e5ef1288571cc56c5276ca966e1c8a675c6747726d758ecafe7effce6eca7be4
Africa/Lubumbashi	Africa/Lubumbashi	910c97c091cd34ae7427c83226234ce7b4f2f425c5822d6669c24be62010a792
Africa/Lusaka	Africa/Lusaka	910c97c091cd34ae7427c83226234ce7b4f2f425c5822d6669c24be62010a792
Africa/Malabo	Africa/Malabo	e5ef1288571cc56c5276ca966e1c8a675c6747726d758ecafe7effce6eca7be4
Africa/Maputo	Africa/Maputo	910c97c091cd34ae7427c83226234ce7b4f2f425c5822d6669c24be62010a792
Africa/Maseru	Africa/Maseru	d19aebe2435c4e84bf7ae65533d23a9d440f98162e5b4d69c73f783e02299ec8
Africa/Mbabane	Africa/Mbabane	d19aebe2435c4e84bf7ae65533d23a9d440f98162e5b4d69c73f783e02299ec8
Africa/Mogadishu	Africa/Mogadishu	0783854f52c33ada6b6d2a5d867662f0ae8e15238d2fce7b9ada4f4d319eb466
Africa/Monrovia	Africa/Monrovia	58cf8955faf9d36560cb5f057ba880276c8c80e59bc30ba621087fca9e7778a3
Africa/Nairobi	Africa/Nairobi	0783854f52c33ada6b6d2a5d867662f0ae8e15238d2fce7b9ada4f4d319eb466
Africa/Ndjamena	Africa/Ndjamena	4e58f865450d271121bc0a28ed324aa96bf527bb4461a7f514431ecfe2bdc448
Africa/Niamey	Africa/Niamey	e5ef1288571cc56c5276ca966e1c8a675c6747726d758ecafe7effce6eca7be4
Africa/Nouakchott	Africa/Nouakchott	f3e7fcaa0e9840ff4169d3567d8fb5926644848f4963d7acf92320843c5d486e
Africa/Ouagadougou	Africa/Ouagadougou	f3e7fcaa0e9840ff4169d3567d8fb5926644848f4963d7acf92320843c5d486e
Africa/Porto-Novo	Africa/Porto-Novo	e5ef1288571cc56c5276ca966e1c8a675c6747726d758ecafe7effce6eca7be4
Africa/Sao_Tome	Africa/Sao_Tome	3df8aeb5a930e41e71af5392835b85bd3d06c02ea354eaaac67c7af46109bb9d
Africa/Timbuktu	Africa/Bamako	f3e7fcaa0e9840ff4169d3567d8fb5926644848f4963d7acf92320843c5d486e
Africa/Tripoli	Africa/Tripoli	cf33012d9661e15438fc045ee64e0bfebb2ea8a3fb79d2af56df05ea4be3e453
Africa/Tunis	Africa/Tunis	ba8004111e3c449a8d786a1806e93921e62a8dcf2c1ef58bbcab2cb9509dd7c8
Africa/Windhoek	Africa/Windhoek	0c82d84e652a157465005c97db04827cc27c0b1232f264531e6ee82c6776455a
America/Adak	America/Adak	abfb1980e20d5f84ec5fd881c7580d77a5c6c019f30a383aaa97404212b489e0
America/Anchorage	America/Anchorage	77ca0c22962f06998bce5e48d81cb865a14466c83ff5dc607eaa483344058bf6
America/Anguilla	America/Anguilla	abbe8628dd5487c889db816ce3a5077bbb47f6bafafeb9411d92d6ef2f70ce8d
America/Antigua	America/Antigua	abbe8628dd5487c889db816ce3a5077bbb47f6bafafeb9411d92d6ef2f70ce8d
America/Araguaina	America/Araguaina	4dac185f8955031ab40715068530f1e02f2fb414672ee5a2f2a2d5fe85c3894a
America/Argentina/Buenos_Aires	America/Argentina/Buenos_Aires	20454ea527c8ea888926614d21bf556f46ce38c220c4ee5b821170eef9071469
America/Argentina/Catamarca	America/Argentina/Catamarca	502d1fc71ed93e68cfc370f404afb9bdaa7e735701cdb811dbddcc76611f3b1d
America/Argentina/ComodRivadavia	America/Argentina/Catamarca	502d1fc71ed93e68cfc370f404afb9bdaa7e735701cdb811dbddcc76611f3b1d
America/Argentina/Cordoba	America/Argentina/Cordoba	f488f75a34fd99630a438dcb792508a90b836fdcd2dc54a51d83d535025315fd
America/Argentina/Jujuy	America/Argentina/Jujuy	ed8a6339c99568a2a98aadf5ad07bc4d30cd131747f638d922175c66ff928548
America/Argentina/La_Rioja	America/Argentina/La_Rioja	9949110f98da589532d9ff2f345a8e94c80a3e9b542ce067faf7ff8cc805eb1f
America/Argentina/Mendoza	America/Argentina/Mendoza	74be2ad33818d8528f6c6f1c0be5a49e7a69f2d17663b496816482fc6fd6ce72
America/Argentina/Rio_Gallegos	America/Argentina/Rio_Gallegos	6c2a56325108f0a59ee1cde7e9f9fcbba5823e7c6362d572e7b111b4b4d9684b
America/Argentina/Salta	America/Argentina/Salta	1ffc9bc55c9c7ce7bb2e5500dc69e0a12d2310d1e44144484618df25017691f5
America/Argentina/San_Juan	America/Argentina/San_Juan	323e6f214cd09790edb0f7b788ccd2eeb47ef3c53d1ca5b672c42a51d6b824d3
America/Argentina/San_Luis	America/Argentina/San_Luis	ae46bc068928832bcc4451fa8ebf03eacd6d148a6c51ea8727f7de2cae4ee9db
America/Argentina/Tucuman	America/Argentina/Tucuman	cafdda0be8402cb8a8db2aa778b208ca56615ca0e56cf24601dfda6e0b23f608
America/Argentina/Ushuaia	America/Argentina/Ushuaia	99c999801d691075fa8bb9e5c91ce32e71bc6ea02d00ad53c0c7510f6a59a811
America/Aruba	America/Aruba	abbe8628dd5487c889db816ce3a5077bbb47f6bafafeb9411d92d6ef2f70ce8d
America/Asuncion	America/Asuncion	dc938d02e787eca6bfc6ae4a3ab72d2a42806ae3dedc14e0d01393040f143542
America/Atikokan	America/Atikokan	a78d73067ba3cbd94f8a23dfdd6aa8b68cb33b18484bc17b4e20ea1aec2f0a81
America/Atka	America/Adak	abfb1980e20d5f84ec5fd881c7580d77a5c6c019f30a383aaa97404212b489e0
America/Bahia	America/Bahia	ffe645c3e1f35dcedbc9a7075bf3491ed274dc00c576ab7591a620c966286d8c
America/Bahia_Banderas	America/Bahia_Banderas	949f0af8fad4a8b4de7eeaa970aa7f616bdfbf31f458d36b67f2c87a5ff4a194
America/Barbados	America/Barbados	81d8897fd64a38cb3d401e1ec74f9caef76684d7c7a4dcd74d5db14da3430808
America/Belem	America/Belem	c348effa07416c4059401176cf69622a944cf4210e580dfa3b5a94d6724a782b
America/Belize	America/Belize	b9804f26a9c21a738e78a9e8cf5206f4f3964ef5c3e64522ae916e0743c78d5a
America/Blanc-Sablon	America/Blanc-Sablon	abbe8628dd5487c889db816ce3a5077bbb47f6bafafeb9411d92d6ef2f70ce8d
America/Boa_Vista	America/Boa_Vista	8584c514d35925d97f9d260875f23c49086d99f89a92308323fd794e507ec44c
America/Bogota	America/Bogota	06a1fab8296bae54fe56c06691ed8c87e21f035475975874df50915122d2d67a
America/Boise	America/Boise	26dde89b23d23d1a0a13e29755dfb0c5538df820c4e6819a240ec0afdd10d8e3
America/Buenos_Aires	America/Argentina/Buenos_Aires	20454ea527c8ea888926614d21bf556f46ce38c220c4ee5b821170eef9071469
America/Cambridge_Bay	America/Cambridge_Bay	345c0d55f8316f660c2f373ee36440f922ad35c383a6e9047d87ff4165984ec2
America/Campo_Grande	America/Campo_Grande	9a780a623687fc4355989fa6b544558e3168e641e02df60d3c765a0954b14051
America/Cancun	America/Cancun	612a14c5b8da2f633270a0930776402bd8cf55a78c856ecc90e100f1e59a90a6
America/Caracas	America/Caracas	507994c1cd2614fa22751e140c259be13e30fe6a4206c49be01916dd238a2156
America/Catamarca	America/Argentina/Catamarca	502d1fc71ed93e68cfc370f404afb9bdaa7e735701cdb811dbddcc76611f3b1d
America/Cayenne	America/Cayenne	f54454e28d6fe7be7d516ba1f3123dbe768034e71e39e456ebb5e8190bae51af
America/Cayman	America/Cayman	a78d73067ba3cbd94f8a23dfdd6aa8b68cb33b18484bc17b4e20ea1aec2f0a81
America/Chicago	America/Chicago	c27b739ff46a7df0594e120d725b439217e11e44ea9a50cdc49130383b5482e7
America/Chihuahua	America/Chihuahua	b733a603bb6b845ca4c9467b41bb8c03a03cf01485da8e26ba6a3ae5aa23ceaa
America/Ciudad_Juarez	America/Ciudad_Juarez	98413e54dfaca950da1c52721465016323ac607091b2951971226ab76e96b9f8
America/Coral_Harbour	America/Atikokan	a78d73067ba3cbd94f8a23dfdd6aa8b68cb33b18484bc17b4e20ea1aec2f0a81
America/Cordoba	America/Argentina/Cordoba	f488f75a34fd99630a438dcb792508a90b836fdcd2dc54a51d83d535025315fd
America/Costa_Rica	America/Costa_Rica	8a1a2a03fb479989b46234d12d9bb7abc3eab2aa8e79bd4210b8d684f7ff1d71
America/Coyhaique	America/Coyhaique	73f2b76ddba22343ff9449e825435466adaa176f92bdfa3bd31bde2a0f72f5f7
America/Creston	America/Creston	ae11453c21d08984de75f2efec04dc93178a7b4e23c5e52f2098b8bd45ccb547
America/Cuiaba	America/Cuiaba	39a2257b40abf8129ed213a2939af075ca026d0e4b487907a814b670ba02a805
America/Curacao	America/Curacao	abbe8628dd5487c889db816ce3a5077bbb47f6bafafeb9411d92d6ef2f70ce8d
America/Danmarkshavn	America/Danmarkshavn	710391b80f29474bf0dd9c187de1a459a4f5b4f53aea7310db144a4f54f561be
America/Dawson	America/Dawson	065295d14dfa8ea9e5c4ce7e3f19fc388898e6424470b96ddd0668f86b0cce56
America/Dawson_Creek	America/Dawson_Creek	b7851232e22fab55552fd81809a6eb68062cdf592602a027c1fec6cc488924d7
America/Denver	America/Denver	9bb703920eca4b6119e81a105583a4f6ca220651f13b418479ab7cd56c413f3e
America/Detroit	America/Detroit	23817c32df67c77f0017a0feb2d798b2405afc71ceea3294d7e5b4c9116be740
America/Dominica	America/Dominica	abbe8628dd5487c889db816ce3a5077bbb47f6bafafeb9411d92d6ef2f70ce8d
America/Edmonton	America/Edmonton	0eada6c5c48d59984c591ab1c30b4c71aab000818cc243b3cfe996f1f26c715f
America/Eirunepe	America/Eirunepe	ead298691a676c14a65e2c17cbbfe6e165bfadb55f9f92d479cd24782dc9ec8c
America/El_Salvador	America/El_Salvador	e308ec0a9447f40164e5a6cb01b9eebfece8ba144a7306f469e9e4fa75ad9b3d
America/Ensenada	America/Tijuana	af9aea4aee505143fa5e847643c0ffe164190c38411010ac7f0b170f4098a6c8
America/Fort_Nelson	America/Fort_Nelson	fe3ec827e8571ed57fedd48c83aa711902dbeb3fc8694323dda25d7bf178f504
America/Fort_Wayne	America/Indiana/Indianapolis	e678f42a13efbd7be0f26a9ce53e04b1c28a582eab05611cb01c16836432f07b
America/Fortaleza	America/Fortaleza	ba01780d63b78ff92138d79b7fb08bb13f6574bf893967b2ffaf52d239762c80
America/Glace_Bay	America/Glace_Bay	235a68b0f1c011f83f2dcfc541d5f507c17cfc0d0d7899caef6a77e8f13ba4a3
America/Godthab	America/Nuuk	2e5199e58fee77d270591be77079d41d102b41b6e735c9a6af3dddb8c851dc77
America/Goose_Bay	America/Goose_Bay	802240d52936722520d962279fc0e63c1c11030d058d06d83da5092bcd26b4c2
America/Grand_Turk	America/Grand_Turk	1a9f21a4cb7d3f74281079ac217d9ba8634c9144af97066aa8dcdc711f9c6def
America/Grenada	America/Grenada	abbe8628dd5487c889db816ce3a5077bbb47f6bafafeb9411d92d6ef2f70ce8d
America/Guadeloupe	America/Guadeloupe	abbe8628dd5487c889db816ce3a5077bbb47f6bafafeb9411d92d6ef2f70ce8d
America/Guatemala	America/Guatemala	0463c623897237a20517f4f4931d6ada587753948485bc83a8b16e5bc10509a5
America/Guayaquil	America/Guayaquil	f0e21a0b2f928ab28acf823bee5e8c4050e048b1ed8cdd13be494b54467fd34f
America/Guyana	America/Guyana	3e69c4b56b4e4da9ac3c95c4a3b3dc3500b2d91a7e7af1b2261e1c7f4a63011e
America/Halifax	America/Halifax	90ee5a841336a132df592e0a5f5e456ca5dfa39c20f9ff6fc35fe130e2121a28
America/Havana	America/Havana	9ace6b0aeab6c81338f55993ca632d15037773968137596477c8e3cca767366f
America/Hermosillo	America/Hermosillo	52bd4c612017dd06d3d945f9ecb983f37a3ab3667ee986d878eb9f2af4fecd33
America/Indiana/Indianapolis	America/Indiana/Indianapolis	e678f42a13efbd7be0f26a9ce53e04b1c28a582eab05611cb01c16836432f07b
America/Indiana/Knox	America/Indiana/Knox	2890b35dcb7c093308b552d82d8781a8ce9a4fa6f9de058283a6836ec1f9f282
America/Indiana/Marengo	America/Indiana/Marengo	ca05a6abcb1879ef0d17095267243fb6c2a8a4540ca7d35ee79ef31866f21766
America/Indiana/Petersburg	America/Indiana/Petersburg	048aee6f31c4a79428c8c68f8186c2d7349afc5dcbc295f328cf311f7ac7b292
America/Indiana/Tell_City	America/Indiana/Tell_City	7a6d983070d61055dd647d012a2e5b2d1010f1b6037e8a764f443c4aa0e1d01f
America/Indiana/Vevay	America/Indiana/Vevay	74f937df87bb310c25ef5f9abcdc911016155ae15341c54a7e5b65461ae5469c
America/Indiana/Vincennes	America/Indiana/Vincennes	8e23830d77a998b3f782f0a406e7dd137ae9e5c1177ed0479ca9def3f5ce3828
America/Indiana/Winamac	America/Indiana/Winamac	86c12e9da2eb6f1beca72577426e140fbc7ba8e01e06dcdc6dbcc034d32b762c
America/Indianapolis	America/Indiana/Indianapolis	e678f42a13efbd7be0f26a9ce53e04b1c28a582eab05611cb01c16836432f07b
America/Inuvik	America/Inuvik	77f657f94492ef41c84fefcf44928c63a99b411bdb28bbeccbd6abeee2f6338d
America/Iqaluit	America/Iqaluit	9ce352ef392c1874eb6c4263ef72d84595bdeb83a7710ba3fd5e9f363a43a10d
America/Jamaica	America/Jamaica	a437b1700333aeff53a8b5868d5387c080dc14c2d3e95aa5ce36f901b3669284
America/Jujuy	America/Argentina/Jujuy	ed8a6339c99568a2a98aadf5ad07bc4d30cd131747f638d922175c66ff928548
America/Juneau	America/Juneau	57c22a45a247487ee89cad60bb7618b56fdae1590dc23c790c2bd05e915d600a
America/Kentucky/Louisville	America/Kentucky/Louisville	cd2d924b9ef70fd4e6419156b52c9121537765754dff61695416eda9014ccca5
America/Kentucky/Monticello	America/Kentucky/Monticello	e78a2bda843d6d26ccf627d1a0e8d5ed48d117cde34923eec5f19e5c7d2722a9
America/Knox_IN	America/Indiana/Knox	2890b35dcb7c093308b552d82d8781a8ce9a4fa6f9de058283a6836ec1f9f282
America/Kralendijk	America/Kralendijk	abbe8628dd5487c889db816ce3a5077bbb47f6bafafeb9411d92d6ef2f70ce8d
America/La_Paz	America/La_Paz	da2601c677341c8c00ce5c7e437008f4b6f4188f3b558dbbf6819cae8059495b
America/Lima	America/Lima	eef363461c732fe5f89326daf8d9335d8340384f9caaa717bf35d3a9c4d70616
America/Los_Angeles	America/Los_Angeles	200d05754f6d83a371cf408d7085125797657b3b0bebeba1e508cffe86a3e5c8
America/Louisville	America/Kentucky/Louisville	cd2d924b9ef70fd4e6419156b52c9121537765754dff61695416eda9014ccca5
America/Lower_Princes	America/Lower_Princes	abbe8628dd5487c889db816ce3a5077bbb47f6bafafeb9411d92d6ef2f70ce8d
America/Maceio	America/Maceio	752560d1d1de753f70d503b617502f5a87a5e3f87cc26b984b882e11a2fee4a9
America/Managua	America/Managua	658b28c8dfc6225c00229223d6ca634033d6190f641594a2a6351b3bc71a19fc
America/Manaus	America/Manaus	f6482b869af207de18395a2c8499628a20d27fd9b08dbdce6705f41eeb0d46b9
America/Marigot	America/Marigot	abbe8628dd5487c889db816ce3a5077bbb47f6bafafeb9411d92d6ef2f70ce8d
America/Martinique	America/Martinique	9b7ac2e8ca2073a71cd5af5727c14f21885969214d758931699fa97c7846dd7e
America/Matamoros	America/Matamoros	2b1800306904ed326eba0f5bc85b13dca37cdfa5f73b25eaefbbfeb45a4b56f7
America/Mazatlan	America/Mazatlan	20dede710f520eaf6c0cdbeefe773fc6e30dd8b1d28aaf17e9842099551ee9a6
America/Mendoza	America/Argentina/Mendoza	74be2ad33818d8528f6c6f1c0be5a49e7a69f2d17663b496816482fc6fd6ce72
America/Menominee	America/Menominee	a149899b3399b42858ac1f489fe1351aa1158b6a202a33c4497954c92506b3de
America/Merida	America/Merida	2c1a4e12fe31c5470be41ef015235add4c84efadbe1224976f528f40d2b0c025
America/Metlakatla	America/Metlakatla	1158f52e430282bcba993f0b9ff1691f1a49494d284a771f6c7196210d1223fd
America/Mexico_City	America/Mexico_City	37dd2bf08f13fce0f707c3b1f4cec4018efbd9c47c8367b0fb4debbd461bd72f
America/Miquelon	America/Miquelon	11ecbe21de5be0714e0c837079116d6c38dc823b3f9b2882d94c2c818b789159
America/Moncton	America/Moncton	927ac13431701c0185af49d6253050fb5d05fdf679c789f74a766d1fe288ea1f
America/Monterrey	America/Monterrey	d5a62c229f8d6b494300a56b716e3054a1405f2e4102a0c6db058b4fdc139a64
America/Montevideo	America/Montevideo	97b1635baaac706cddbdf8e56c8799e4243f005592dd97950d2e69a4c24234cd
America/Montreal	America/Toronto	815ab4db7a1b1292867d2f924b718e1bba32455ce9f92205db2feb65029c6761
America/Montserrat	America/Montserrat	abbe8628dd5487c889db816ce3a5077bbb47f6bafafeb9411d92d6ef2f70ce8d
America/Nassau	America/Nassau	815ab4db7a1b1292867d2f924b718e1bba32455ce9f92205db2feb65029c6761
America/New_York	America/New_York	d7f2206b3a45989fc9ad63d558922532fa7352280d5f87176bf1db79cb1d1fa9
America/Nipigon	America/Toronto	815ab4db7a1b1292867d2f924b718e1bba32455ce9f92205db2feb65029c6761
America/Nome	America/Nome	ffe8a77109e1d03c0af6126a15a6333b8a2c50a01407693695a7b9eb9b1b9690
America/Noronha	America/Noronha	434af71ad039cb644690e8f9e8e4d91b9b6e072d41ea47db872ac9a8281fdbb8
America/North_Dakota/Beulah	America/North_Dakota/Beulah	46f681212eb46cd351991122e815d25846c94ab70fec9f0d9b183c3a405cae8c
America/North_Dakota/Center	America/North_Dakota/Center	334f71e0cc7a85c040c24b6fc2fd7a62f3d19acb838d9103c074f452691c832a
America/North_Dakota/New_Salem	America/North_Dakota/New_Salem	99971af60c9f3b6512cdac7bbf498b24460128156622aca55aa9df2e04ac572b
America/Nuuk	America/Nuuk	2e5199e58fee77d270591be77079d41d102b41b6e735c9a6af3dddb8c851dc77
America/Ojinaga	America/Ojinaga	f7b989f5523c875951011108749753cff3022edc21e1bdfa89a43d4289444e90
America/Panama	America/Panama	a78d73067ba3cbd94f8a23dfdd6aa8b68cb33b18484bc17b4e20ea1aec2f0a81
America/Pangnirtung	America/Iqaluit	9ce352ef392c1874eb6c4263ef72d84595bdeb83a7710ba3fd5e9f363a43a10d
America/Paramaribo	America/Paramaribo	0b6bfdb51ea7a39e024440960c5840353978d14b00e00847b1d9c6a0d09be3f4
America/Phoenix	America/Phoenix	ae11453c21d08984de75f2efec04dc93178a7b4e23c5e52f2098b8bd45ccb547
America/Port-au-Prince	America/Port-au-Prince	c2c4ba55b43ffdb289d8850c3f2fcf6a8d022d12b9a57101aea91a62eaacdcdb
America/Port_of_Spain	America/Port_of_Spain	abbe8628dd5487c889db816ce3a5077bbb47f6bafafeb9411d92d6ef2f70ce8d
America/Porto_Acre	America/Rio_Branco	563b9052bebaf2986ae5b707e34afde013e7641287cc97ff31005f33a0dbf7a5
America/Porto_Velho	America/Porto_Velho	f723d4f045ed2834072c5ef8e444dcf6a659f4c7b608aea3be06fa4b9de948a8
America/Puerto_Rico	America/Puerto_Rico	abbe8628dd5487c889db816ce3a5077bbb47f6bafafeb9411d92d6ef2f70ce8d
America/Punta_Arenas	America/Punta_Arenas	d80aa1edbaa8fa64259cc8d444390239e11899e5e193328fecec4502f8538e30
America/Rainy_River	America/Winnipeg	00dcf0606054d4f927416e0b47e1fdda2e5ce036fde4b53e51084f8566428c3a
America/Rankin_Inlet	America/Rankin_Inlet	25009740177273cb894e32053b88d9bb34b43a31b48111eff0c3e677337ddc25
America/Recife	America/Recife	df2653c05dcc265918d03e3c090513cc24700c27c636af045d74d96250605138
America/Regina	America/Regina	fc91ee9ecdb6e6213e4c773d345a7e441ab83d650b02e1b0d8e2dba4e07f50cc
America/Resolute	America/Resolute	d94789051d994a49f56d4672d06d1212106d63dbf27304915389da2beb30d38e
America/Rio_Branco	America/Rio_Branco	563b9052bebaf2986ae5b707e34afde013e7641287cc97ff31005f33a0dbf7a5
America/Rosario	America/Argentina/Cordoba	f488f75a34fd99630a438dcb792508a90b836fdcd2dc54a51d83d535025315fd
America/Santa_Isabel	America/Tijuana	af9aea4aee505143fa5e847643c0ffe164190c38411010ac7f0b170f4098a6c8
America/Santarem	America/Santarem	743106b27ae6e30af3978b0ae8af0fcc4ae804a0fb03557b1c16bc7165b870c9
America/Santiago	America/Santiago	fd006953c2b442a2e1e66db2a967dd932a4824390f01cddd9c801ce63450c715
America/Santo_Domingo	America/Santo_Domingo	c66268e7d9995cded69dffb7263977ee6082fbc19f37ac6693697fbe78327de2
America/Sao_Paulo	America/Sao_Paulo	fa2ceb222f065c0289f3997ff0c54ba05a74a599b4522870fa86a96e24e18891
America/Scoresbysund	America/Scoresbysund	c2b848115005236f6a293dd374e5a2889c08f34028857c307dbd6608f4805c7a
America/Shiprock	America/Denver	9bb703920eca4b6119e81a105583a4f6ca220651f13b418479ab7cd56c413f3e
America/Sitka	America/Sitka	a45e72967fbe30ecc430369c35dfc87741d7f6902681ef0f39f731c93361d7ed
America/St_Barthelemy	America/St_Barthelemy	abbe8628dd5487c889db816ce3a5077bbb47f6bafafeb9411d92d6ef2f70ce8d
America/St_Johns	America/St_Johns	bfdf6afc014c3e597930cc4ca7df1aa98e347268acdb07224df4eab36fe46f49
America/St_Kitts	America/St_Kitts	abbe8628dd5487c889db816ce3a5077bbb47f6bafafeb9411d92d6ef2f70ce8d
America/St_Lucia	America/St_Lucia	abbe8628dd5487c889db816ce3a5077bbb47f6bafafeb9411d92d6ef2f70ce8d
America/St_Thomas	America/St_Thomas	abbe8628dd5487c889db816ce3a5077bbb47f6bafafeb9411d92d6ef2f70ce8d
America/St_Vincent	America/St_Vincent	abbe8628dd5487c889db816ce3a5077bbb47f6bafafeb9411d92d6ef2f70ce8d
America/Swift_Current	America/Swift_Current	17e6fae5869ac76dc2b2e85299e4c397a4eff5dbb822cbd6bcc6db4aec0790b3
America/Tegucigalpa	America/Tegucigalpa	2a5bea0491acc1af43217944dda714fa981de0816a0de051ad4cf4d8f9a5342d
America/Thule	America/Thule	2f32f98dd9999314641dd0375e4a2a24f1bf2269659d24616182d0a4c7ff4d8f
America/Thunder_Bay	America/Toronto	815ab4db7a1b1292867d2f924b718e1bba32455ce9f92205db2feb65029c6761
America/Tijuana	America/Tijuana	af9aea4aee505143fa5e847643c0ffe164190c38411010ac7f0b170f4098a6c8
America/Toronto	America/Toronto	815ab4db7a1b1292867d2f924b718e1bba32455ce9f92205db2feb65029c6761
America/Tortola	America/Tortola	abbe8628dd5487c889db816ce3a5077bbb47f6bafafeb9411d92d6ef2f70ce8d
America/Vancouver	America/Vancouver	129a2eef5b147dfbc7075addef04f492bbe8de8917015e39fd359c385a72dba4
America/Virgin	America/St_Thomas	abbe8628dd5487c889db816ce3a5077bbb47f6bafafeb9411d92d6ef2f70ce8d
America/Whitehorse	America/Whitehorse	0b26388cd7747f335275fd4795819f6a4b40a661fbd6d44d465a4e10edf60c6b
America/Winnipeg	America/Winnipeg	00dcf0606054d4f927416e0b47e1fdda2e5ce036fde4b53e51084f8566428c3a
America/Yakutat	America/Yakutat	a6f1cb54d035988f87f5f0439e59e923a07d5f354541ecaf23d9f22246853584
America/Yellowknife	America/Edmonton	0eada6c5c48d59984c591ab1c30b4c71aab000818cc243b3cfe996f1f26c715f
Antarctica/Casey	Antarctica/Casey	d6373e1408ef90a9e60a3873f3ec908042ab37fb159b3022f03568cbdfcaf004
Antarctica/Davis	Antarctica/Davis	3e89bfdbaeebb28665eb22ef62596efd25b5922c48ad23e6b1df872f3b67df76
Antarctica/DumontDUrville	Antarctica/DumontDUrville	683001055b6ef9dc9d88734e0eddd1782f1c3643b7c13a75e9cf8e9052006e19
Antarctica/Macquarie	Antarctica/Macquarie	68e66523321d4f07af6935e84240e57b1d8b4850eb83ae06bd17dc2e77c20c03
Antarctica/Mawson	Antarctica/Mawson	518ba2052134a99fb69240406ba5eae60f4d5e0f96fd1d0ffab976b653b48c77
Antarctica/McMurdo	Antarctica/McMurdo	0e06e7e55aedbc92ef5b3d106e7c392ab1628cfd8a428b20e92e99028a0bfbb9
Antarctica/Palmer	Antarctica/Palmer	dcc5df85005a441e7bfe3a8764c97e33f2b8f0d3057b8cc02dceef68cc92e71c
Antarctica/Rothera	Antarctica/Rothera	5de75d44bd984c37c45b3408ee70ea7d6f937e0fb911e6f1b07b0c1f2cc6b9d2
Antarctica/South_Pole	Antarctica/McMurdo	0e06e7e55aedbc92ef5b3d106e7c392ab1628cfd8a428b20e92e99028a0bfbb9
Antarctica/Syowa	Antarctica/Syowa	46853e94276af2eea8e86c2f152a871c092df195dc51273b8fc7091faa4b461c
Antarctica/Troll	Antarctica/Troll	b38cf417fb8acf1ddb88a8c4cef1f06f9eb5df65d1b3a211db67c2420956e462
Antarctica/Vostok	Antarctica/Vostok	703a7e078c0a5c4f14e5bff3a89225c5d198f802003024c93991b76d164128d7
Arctic/Longyearbyen	Arctic/Longyearbyen	a7fd9932d785d4d690900b834c3563c1810c1cf2e01711bcc0926af6c0767cb7
Asia/Aden	Asia/Aden	46853e94276af2eea8e86c2f152a871c092df195dc51273b8fc7091faa4b461c
Asia/Almaty	Asia/Almaty	f3b58d30a085ed6d95eadab92ef5f90d75a88bd32ec230806377fd760c2e8b8b
Asia/Amman	Asia/Amman	28e9ca3b8ff55d1950bcb1bad464db7ca2264ad8700473129f35751315bc8b94
Asia/Anadyr	Asia/Anadyr	df46dd66eae0e10fff942a47e74f5313453ba4e70463aab18efb8f17d6a2e727
Asia/Aqtau	Asia/Aqtau	6d18f6eef1b91ef19e80583978828d9aaddd7ed7989abeca993b382453beed23
Asia/Aqtobe	Asia/Aqtobe	3e6ef22397267f3c7c0865d1da64090e3b47d76282a71f1ecc529c862255549e
Asia/Ashgabat	Asia/Ashgabat	3932c7750f2314f0efc6efc8c0a5ff7375b78dd37a7bb146a0248411bd172aec
Asia/Ashkhabad	Asia/Ashgabat	3932c7750f2314f0efc6efc8c0a5ff7375b78dd37a7bb146a0248411bd172aec
Asia/Atyrau	Asia/Atyrau	d581b84332f13d16507861e23ab6e6d1c46cf04453360d4d17d7561305b63e2d
Asia/Baghdad	Asia/Baghdad	cc57ba2d749fba82631ac9984cc1a326d05c00c2e2285903ee3efe55aa8ac07f
Asia/Bahrain	Asia/Bahrain	6160d6575a371c75b19e6c25cf03160b9dc2f386583e42bf8189fdf8fd17c785
Asia/Baku	Asia/Baku	fd687a38d6916ad31cf65a7018eeb307da53137f0d678a16838ffeb19975ee60
Asia/Bangkok	Asia/Bangkok	cdc8e2c282d8bc9a5e9c3caf2fc45ff4e9e5cd18f5dec8cb873340ad7c584d64
Asia/Barnaul	Asia/Barnaul	506158258bed818552f13aacaaf8faa743900a6377cdd63dc084d683c3831be9
Asia/Beirut	Asia/Beirut	16033882a6d6169e8ab949d59fe1fc5085d9813c9d05e3b10dd6de6c9d06a547
Asia/Bishkek	Asia/Bishkek	4577715716a2139cf15f96ad425fbb65eb04799563b025c1199e9c25b554f691
Asia/Brunei	Asia/Brunei	dda8e0208df167e59cf9da9745348cc3ca904434a35e5481231c84fec0d11939
Asia/Calcutta	Asia/Kolkata	3a00bdbe1bc4959e727567c730ba51b03455ecd455f7c190c5ad14386eb79b0d
Asia/Chita	Asia/Chita	d4b99eddc70ee3b4798264dee550aad4149bd26ff5a295a26eadb5cef6659ed8
Asia/Choibalsan	Asia/Ulaanbaatar	fbe23c3fafdee01b5121edf009290fb701cebbf93dacfb30f8aa90287242f6f3
Asia/Chongqing	Asia/Shanghai	bf8b7ed82fe6e63e6d98f8cea934eeac901cd16aba85eb5755ce3f8b4289ea8a
Asia/Chungking	Asia/Shanghai	bf8b7ed82fe6e63e6d98f8cea934eeac901cd16aba85eb5755ce3f8b4289ea8a
Asia/Colombo	Asia/Colombo	400ca32bb82d5d459f2ee8eed4cd07dff7b0ea24ccf9bc1fccee686e0bda1f2f
Asia/Dacca	Asia/Dhaka	ac21a61306d6e2a91453641f4e3e732ebc9d542abc1d35a5d5db2a10340ebefa
Asia/Damascus	Asia/Damascus	02d6530d1cc7101ed09cac455efb56b0d508d5c0827b6eec01fa437d07743306
Asia/Dhaka	Asia/Dhaka	ac21a61306d6e2a91453641f4e3e732ebc9d542abc1d35a5d5db2a10340ebefa
Asia/Dili	Asia/Dili	e5f7021e45486642d5f1372ca8143c1ecb482c4a73ddacb7306194eac80dc4b0
Asia/Dubai	Asia/Dubai	0d9ea5053e83188032a6fb4d301d5db688f43011e5b6b1f917a11b71a0da7b16
Asia/Dushanbe	Asia/Dushanbe	f2a6e7efaadff71bb8ecd61575f1af8e791fd8a67134de49f1e905897533dc04
Asia/Famagusta	Asia/Famagusta	dfce5f6da467c7e99d11a5ea4b204a5410c328fcc218a6f29d662def9c300ae8
Asia/Gaza	Asia/Gaza	f8f0bffe018e0da0c682fe4b2f31fba6d34b6cd752b4f931198e0b99e6ef70d5
Asia/Harbin	Asia/Shanghai	bf8b7ed82fe6e63e6d98f8cea934eeac901cd16aba85eb5755ce3f8b4289ea8a
Asia/Hebron	Asia/Hebron	e05ba37ee13e10221780a5b8a6fd25c6ad999008fb8c3c2dd2b7b3b80d1f1738
Asia/Ho_Chi_Minh	Asia/Ho_Chi_Minh	47e45e54cade31c1131b44a27e37dee73f8f810a54b0a8d3e9d55b10acd3dec1
Asia/Hong_Kong	Asia/Hong_Kong	f4068f73246db97417f73467453564c57d6646ce4909b9fa2536923efcd7eb4f
Asia/Hovd	Asia/Hovd	7aa02f0f645fb887d20e1b6a939f0c102223cf95f5e0e1d9eda3b8cf5e249dd9
Asia/Irkutsk	Asia/Irkutsk	b16c69f20fda49f15a9f867217db3afa9117e55830c62fe336feefc0dd3a5c8a
Asia/Istanbul	Europe/Istanbul	2a7163b16b94806f69991348e7d0a60c46eb61b1f0305f5f4b83f613db10806f
Asia/Jakarta	Asia/Jakarta	e2a099ea48b1f7166b88d219b326f7c44373d08909cd9723b44346946fd6a384
Asia/Jayapura	Asia/Jayapura	0546b4917d6239d7f413ebfbe35e61ee5d2542fe03042617ff77406d8990d315
Asia/Jerusalem	Asia/Jerusalem	9fcde8d584dea0585f5c8727aaf35f48a149e0dbd3a83bf6cef8bca9c14021e3
Asia/Kabul	Asia/Kabul	a4d2304df8921bbd4118abeb84aaa8d71771724031f6f7dcc799c96a7acbf354
Asia/Kamchatka	Asia/Kamchatka	422c7cc77b3e9bc5137a2c3334f072fd942f0335ff69a8a1cff3f32df4e251a7
Asia/Karachi	Asia/Karachi	ba3a38c2ffb7a1af6d7eb153e63b0b70461c8de19e051806d90c1d5e0fe28d4e
Asia/Kashgar	Asia/Urumqi	849cafd377611cc2fc2b41891ab63c6fb3343949045db961fd16267593315ad4
Asia/Kathmandu	Asia/Kathmandu	76b8f1bfe072231a1d9e7f8501310e27c0d08048c48f7422860b6477c142c438
Asia/Katmandu	Asia/Kathmandu	76b8f1bfe072231a1d9e7f8501310e27c0d08048c48f7422860b6477c142c438
Asia/Khandyga	Asia/Khandyga	7dd1033ac0c990bb843726ea217b53888e24d9edb874a1c37c14f0c3d02d6d2c
Asia/Kolkata	Asia/Kolkata	3a00bdbe1bc4959e727567c730ba51b03455ecd455f7c190c5ad14386eb79b0d
Asia/Krasnoyarsk	Asia/Krasnoyarsk	6ee348e52d60ede79d2be3e99eb2e40451590d4c82b47c5cc570d0185d80468b
Asia/Kuala_Lumpur	Asia/Kuala_Lumpur	0954b2d9a301d94f4348024606a71bbcb2fa24d3cd3709f5bc8bca605039785d
Asia/Kuching	Asia/Kuching	dda8e0208df167e59cf9da9745348cc3ca904434a35e5481231c84fec0d11939
Asia/Kuwait	Asia/Kuwait	46853e94276af2eea8e86c2f152a871c092df195dc51273b8fc7091faa4b461c
Asia/Macao	Asia/Macau	9abf3d8bfc293285a102da99ac5d9219ca082dc530eab62b0e42143400deb3b1
Asia/Macau	Asia/Macau	9abf3d8bfc293285a102da99ac5d9219ca082dc530eab62b0e42143400deb3b1
Asia/Magadan	Asia/Magadan	c00b9f30658bfecd40c369779b201f045b6b44e54f7acddd32836e0c4a0dc13f
Asia/Makassar	Asia/Makassar	355f63fd14ee894e3b9af26f7ca13c75a5c7e4015827c2a2e20bc70494b1c8b7
Asia/Manila	Asia/Manila	1681a62321489c79277c4d74dcf6e20fae46530b269d85b3179a06cacd3706a6
Asia/Muscat	Asia/Muscat	0d9ea5053e83188032a6fb4d301d5db688f43011e5b6b1f917a11b71a0da7b16
Asia/Nicosia	Asia/Nicosia	4d862a5a9f2c2b40300541c0a74c2eba2859b90d7d45776ddbc6ed877df33812
Asia/Novokuznetsk	Asia/Novokuznetsk	6985bdae9731a5fff3ace65cdaf9a972a822b8244a30707594cae2a08e37282c
Asia/Novosibirsk	Asia/Novosibirsk	2369f830212569df6c31cc8900073861d553e9ec1b851efd3a8000ba11097c26
Asia/Omsk	Asia/Omsk	cbbbb8ec439b077c08f0cc4a1c145314cf8111966a846a730e0ef1e657302576
Asia/Oral	Asia/Oral	43e19ff39348bdd02d539d999207fbf2b5473e583ce71c8c7bd666f726e1d29a
Asia/Phnom_Penh	Asia/Phnom_Penh	cdc8e2c282d8bc9a5e9c3caf2fc45ff4e9e5cd18f5dec8cb873340ad7c584d64
Asia/Pontianak	Asia/Pontianak	a34c748cd4e5c23894a80cc65ff1e5cef08caeedb3514460438c73a52f79c5db
Asia/Pyongyang	Asia/Pyongyang	3710b975af284d9e12b621509e5863969f454d1b8c33e5f0b2add8838cb4c640
Asia/Qatar	Asia/Qatar	6160d6575a371c75b19e6c25cf03160b9dc2f386583e42bf8189fdf8fd17c785
Asia/Qostanay	Asia/Qostanay	e6d6648f5a34a78bda444b0f3b4620222c3a7837f572a3b9db1fb410c83fd8be
Asia/Qyzylorda	Asia/Qyzylorda	265b4a0c49ee1e62101987454c024c0c3a5d0c0fc7c6324e0071da57b905ae54
Asia/Rangoon	Asia/Yangon	e89d835c811d4da44aa8b386782ce8828df085aa0ee8f25661a9881d2f00e90c
Asia/Riyadh	Asia/Riyadh	46853e94276af2eea8e86c2f152a871c092df195dc51273b8fc7091faa4b461c
Asia/Saigon	Asia/Ho_Chi_Minh	47e45e54cade31c1131b44a27e37dee73f8f810a54b0a8d3e9d55b10acd3dec1
Asia/Sakhalin	Asia/Sakhalin	33f4c177ed378fedd873d2b0846128053c1227158ed653c11bb9ddb2dd7a3c6a
Asia/Samarkand	Asia/Samarkand	299feafba18c0d58096fc445a9cadb55c3c2d162dcce8942942e27640d4754d5
Asia/Seoul	Asia/Seoul	64a70b6fbcc9b65e762dbd25eb89b6f40c137146edc8dbd4d081eafacdab78de
Asia/Shanghai	Asia/Shanghai	bf8b7ed82fe6e63e6d98f8cea934eeac901cd16aba85eb5755ce3f8b4289ea8a
Asia/Singapore	Asia/Singapore	0954b2d9a301d94f4348024606a71bbcb2fa24d3cd3709f5bc8bca605039785d
Asia/Srednekolymsk	Asia/Srednekolymsk	d3a9a88deb456c37786a0d69f0d2b4160eab17638e9d93054510bdd0dd804d97
Asia/Taipei	Asia/Taipei	a04c2c72f4f76a83178d036dd97d157ee1f32e478e44dda7a5c10923687ee6cf
Asia/Tashkent	Asia/Tashkent	d2fa4dda023d198e74cf59de6bacc23c57f607a542bba5d0407c7897aae19d32
Asia/Tbilisi	Asia/Tbilisi	38dfd4cefd954d293a99179f354f9a23eaa4aad0a8517ea810256aa5e4b8d9e2
Asia/Tehran	Asia/Tehran	65ac5ec01f3721d608195a49bdca7c7accb3de27df020c44cec8fb70cada4377
Asia/Tel_Aviv	Asia/Jerusalem	9fcde8d584dea0585f5c8727aaf35f48a149e0dbd3a83bf6cef8bca9c14021e3
Asia/Thimbu	Asia/Thimphu	37a77fbdf16f60e45f327af57c7263612b780c139149b2e2ff64feaf67490672
Asia/Thimphu	Asia/Thimphu	37a77fbdf16f60e45f327af57c7263612b780c139149b2e2ff64feaf67490672
Asia/Tokyo	Asia/Tokyo	59a3871430f0d3b93e619fa30a43a41d1e88bdd49ff26f09d0f405a500706f96
Asia/Tomsk	Asia/Tomsk	05fec6a054dc51e3f6858cae629aee2638b7ded704a0b3fef34a37f00ea2e335
Asia/Ujung_Pandang	Asia/Makassar	355f63fd14ee894e3b9af26f7ca13c75a5c7e4015827c2a2e20bc70494b1c8b7
Asia/Ulaanbaatar	Asia/Ulaanbaatar	fbe23c3fafdee01b5121edf009290fb701cebbf93dacfb30f8aa90287242f6f3
Asia/Ulan_Bator	Asia/Ulaanbaatar	fbe23c3fafdee01b5121edf009290fb701cebbf93dacfb30f8aa90287242f6f3
Asia/Urumqi	Asia/Urumqi	849cafd377611cc2fc2b41891ab63c6fb3343949045db961fd16267593315ad4
Asia/Ust-Nera	Asia/Ust-Nera	e8d92e575cce9acfb8a87421abe70673e72a11580a1e4eea77730b0ccf9ed810
Asia/Vientiane	Asia/Vientiane	cdc8e2c282d8bc9a5e9c3caf2fc45ff4e9e5cd18f5dec8cb873340ad7c584d64
Asia/Vladivostok	Asia/Vladivostok	ce4397b840e0a715fc1d01a00e587d49b010cc739a3715f65d223a63880c0fe9
Asia/Yakutsk	Asia/Yakutsk	c43eb3038136dbc742d6621443b70c3bef4b39149f13e1689346b01831ba8ee9
Asia/Yangon	Asia/Yangon	e89d835c811d4da44aa8b386782ce8828df085aa0ee8f25661a9881d2f00e90c
Asia/Yekaterinburg	Asia/Yekaterinburg	ab5ede532a8e10ad8b25829760b089ab2963faf99a086daf48d32db6aad04d19
Asia/Yerevan	Asia/Yerevan	a4b10175c840f07f65fbd85d03a1631e6c1a8f94f58eea4ad2ef9ba2bd4a29ad
Atlantic/Azores	Atlantic/Azores	e97069fab820f211114ded9cf9b4ca6a160f9640e7dac44e06eaa8f7001db4f1
Atlantic/Bermuda	Atlantic/Bermuda	3eec6a0f6703f7d3f38dbf211fdf43c2cd39dddff35e76478de1f4919f0b48b2
Atlantic/Canary	Atlantic/Canary	5cc9b1065b1c3c85978626ae2b2fdde5bc57e318cd30cfb9570f381706644f4d
Atlantic/Cape_Verde	Atlantic/Cape_Verde	139b2ceb1a48a43d20fd5103b053058be96db1e6e9f7c3c14a950ba15c480325
Atlantic/Faeroe	Atlantic/Faroe	230d2a074981baf887e70dd0cbc8dac4239eb34ed91e1db0916f0c3d4589aa3d
Atlantic/Faroe	Atlantic/Faroe	230d2a074981baf887e70dd0cbc8dac4239eb34ed91e1db0916f0c3d4589aa3d
Atlantic/Jan_Mayen	Arctic/Longyearbyen	a7fd9932d785d4d690900b834c3563c1810c1cf2e01711bcc0926af6c0767cb7
Atlantic/Madeira	Atlantic/Madeira	d85def2e6a7b3939b864c48bc72215410ea25de19490a28f7947621a6a95bae2
Atlantic/Reykjavik	Atlantic/Reykjavik	f3e7fcaa0e9840ff4169d3567d8fb5926644848f4963d7acf92320843c5d486e
Atlantic/South_Georgia	Atlantic/South_Georgia	90f19f08b403d82ebf5dce53c809aa9973fe19874b2cfb9ca419f74bbc9b5aef
Atlantic/St_Helena	Atlantic/St_Helena	f3e7fcaa0e9840ff4169d3567d8fb5926644848f4963d7acf92320843c5d486e
Atlantic/Stanley	Atlantic/Stanley	42a41df085a494d6a930a8cde6f17bbef567e0afb297754abcce7390229a6c23
Australia/ACT	Australia/Sydney	820d45a868a88f81c731d5b2c758b4ed000039b6260a80433f8e0f094a604b59
Australia/Adelaide	Australia/Adelaide	1a4d52746455981db7dc8f961135c0302673ecbec7573a0de1a52821c80daf78
Australia/Brisbane	Australia/Brisbane	da4556cfd088feab5f75be7983488be7d814042ee59cedc651a948431b470036
Australia/Broken_Hill	Australia/Broken_Hill	77393d2ef180ff1452b670088c016e4c9f14c33feceea1961909a25cf803b0b6
Australia/Canberra	Australia/Sydney	820d45a868a88f81c731d5b2c758b4ed000039b6260a80433f8e0f094a604b59
Australia/Currie	Australia/Hobart	d4801581fd00037b013d71616b119fbbd510fdca5de06369b10f718a8da5e32d
Australia/Darwin	Australia/Darwin	6687b16e181d52557895e57e76106ee80c43564272e37c6b3dbf5443711009d2
Australia/Eucla	Australia/Eucla	dcdaac15f33347afa54943d588d5c100ec893eaca8922b2c7bbb835eead44699
Australia/Hobart	Australia/Hobart	d4801581fd00037b013d71616b119fbbd510fdca5de06369b10f718a8da5e32d
Australia/LHI	Australia/Lord_Howe	f368bd25659c0293d02bb79ec7dac7d5b73a92dffafce14b4dd2ffb8ba11aada
Australia/Lindeman	Australia/Lindeman	887902734409ee26907df8934d7415276b30b02ed02712d430740e1821659139
Australia/Lord_Howe	Australia/Lord_Howe	f368bd25659c0293d02bb79ec7dac7d5b73a92dffafce14b4dd2ffb8ba11aada
Australia/Melbourne	Australia/Melbourne	5fb24f3048ff4985b27e0585324a7a14e993e867f28d1fa517d8451a04dabe71
Australia/NSW	Australia/Sydney	820d45a868a88f81c731d5b2c758b4ed000039b6260a80433f8e0f094a604b59
Australia/North	Australia/Darwin	6687b16e181d52557895e57e76106ee80c43564272e37c6b3dbf5443711009d2
Australia/Perth	Australia/Perth	66cb9e95c042d587d6ba01f60ab94e5d07120c3e20194242a1b0755be6aea47a
Australia/Queensland	Australia/Brisbane	da4556cfd088feab5f75be7983488be7d814042ee59cedc651a948431b470036
Australia/South	Australia/Adelaide	1a4d52746455981db7dc8f961135c0302673ecbec7573a0de1a52821c80daf78
Australia/Sydney	Australia/Sydney	820d45a868a88f81c731d5b2c758b4ed000039b6260a80433f8e0f094a604b59
Australia/Tasmania	Australia/Hobart	d4801581fd00037b013d71616b119fbbd510fdca5de06369b10f718a8da5e32d
Australia/Victoria	Australia/Melbourne	5fb24f3048ff4985b27e0585324a7a14e993e867f28d1fa517d8451a04dabe71
Australia/West	Australia/Perth	66cb9e95c042d587d6ba01f60ab94e5d07120c3e20194242a1b0755be6aea47a
Australia/Yancowinna	Australia/Broken_Hill	77393d2ef180ff1452b670088c016e4c9f14c33feceea1961909a25cf803b0b6
Brazil/Acre	America/Rio_Branco	563b9052bebaf2986ae5b707e34afde013e7641287cc97ff31005f33a0dbf7a5
Brazil/DeNoronha	America/Noronha	434af71ad039cb644690e8f9e8e4d91b9b6e072d41ea47db872ac9a8281fdbb8
Brazil/East	America/Sao_Paulo	fa2ceb222f065c0289f3997ff0c54ba05a74a599b4522870fa86a96e24e18891
Brazil/West	America/Manaus	f6482b869af207de18395a2c8499628a20d27fd9b08dbdce6705f41eeb0d46b9
CET	Europe/Brussels	b10f9542a8509f0a63ebca78e3d80432dd86b8ea296400280febd9cfa76e8288
CST6CDT	America/Chicago	c27b739ff46a7df0594e120d725b439217e11e44ea9a50cdc49130383b5482e7
Canada/Atlantic	America/Halifax	90ee5a841336a132df592e0a5f5e456ca5dfa39c20f9ff6fc35fe130e2121a28
Canada/Central	America/Winnipeg	00dcf0606054d4f927416e0b47e1fdda2e5ce036fde4b53e51084f8566428c3a
Canada/Eastern	America/Toronto	815ab4db7a1b1292867d2f924b718e1bba32455ce9f92205db2feb65029c6761
Canada/Mountain	America/Edmonton	0eada6c5c48d59984c591ab1c30b4c71aab000818cc243b3cfe996f1f26c715f
Canada/Newfoundland	America/St_Johns	bfdf6afc014c3e597930cc4ca7df1aa98e347268acdb07224df4eab36fe46f49
Canada/Pacific	America/Vancouver	129a2eef5b147dfbc7075addef04f492bbe8de8917015e39fd359c385a72dba4
Canada/Saskatchewan	America/Regina	fc91ee9ecdb6e6213e4c773d345a7e441ab83d650b02e1b0d8e2dba4e07f50cc
Canada/Yukon	America/Whitehorse	0b26388cd7747f335275fd4795819f6a4b40a661fbd6d44d465a4e10edf60c6b
Chile/Continental	America/Santiago	fd006953c2b442a2e1e66db2a967dd932a4824390f01cddd9c801ce63450c715
Chile/EasterIsland	Pacific/Easter	13054cef85e3b1ba0f5712bd6d699d7789d3aedbdab0fd7394b771acc07f61a1
Cuba	America/Havana	9ace6b0aeab6c81338f55993ca632d15037773968137596477c8e3cca767366f
EET	Europe/Athens	f1fd678b0548e329b38934f6281255e698dfa761ad1ff841f6ccb79606c61345
EST	America/Panama	a78d73067ba3cbd94f8a23dfdd6aa8b68cb33b18484bc17b4e20ea1aec2f0a81
EST5EDT	America/New_York	d7f2206b3a45989fc9ad63d558922532fa7352280d5f87176bf1db79cb1d1fa9
Egypt	Africa/Cairo	89cb9a36212fb82e933dcd9faa10efdfa969a29ec80c32063bbb4518c033d1be
Eire	Europe/Dublin	fe9a7bce7d31709ac5d0c26b5d51f3a54a3e6b7095cbabcc3b74c41119e2941a
Etc/GMT	UTC	dc4a07571b10884e4f4f3450c9d1a1cbf4c03ef53d06ed2e4ea152d9eba5d5d7
Etc/GMT+0	UTC	dc4a07571b10884e4f4f3450c9d1a1cbf4c03ef53d06ed2e4ea152d9eba5d5d7
Etc/GMT+1	Etc/GMT+1	e4bf68f1311482d075d69a086a0f39bd176ad3c2cc0d9999e833e7ed4a8f2ff8
Etc/GMT+10	Etc/GMT+10	22f0718aa414efaab335bbb1468f0087dacf4124464062a9fd246ce6ed4f3e43
Etc/GMT+11	Etc/GMT+11	f4c7c5a45a7faedf4f92c323436dd53a58abde1cd39672f3ff9576b5fa2785b5
Etc/GMT+12	Etc/GMT+12	976e97085a7d21b8171af330ecd1e01f32196c7af2d81e6a1987e13031c556bc
Etc/GMT+2	Etc/GMT+2	61b6ea1fb07a8cda101088f2578fbc6b67170fd9460b7bd02a7124636b9c0c62
Etc/GMT+3	Etc/GMT+3	ab70fd0cb7e64c1500a3860c9cd50d5142ab024292c0ce50faf7ac77d03a4994
Etc/GMT+4	Etc/GMT+4	52084a304de569748367babbe180dbe0570b9f336a5d0c9d719a501efb2c3f69
Etc/GMT+5	Etc/GMT+5	4d9e6a6a810b96ccd6fd9e4576a00430a93c63fc6ee5785904d654728e794ab3
Etc/GMT+6	Etc/GMT+6	ff69372d9e71f21563330c260b1e86a94c16fafd48bce901ac98d81f96c3e90c
Etc/GMT+7	Etc/GMT+7	0e2f09e37d161abf7c5b0f79b5d7c8a3c846c645507c9be5c79e5a9ec0eea1e4
Etc/GMT+8	Etc/GMT+8	388225505859c0bd9cb71ddfc4835b6361c30c099243b8b66405205fb1318e0c
Etc/GMT+9	Etc/GMT+9	d6fa642283ea062c035b31fe7cb171c0d6e674a458ee6a9d889858408995c5ac
Etc/GMT-0	UTC	dc4a07571b10884e4f4f3450c9d1a1cbf4c03ef53d06ed2e4ea152d9eba5d5d7
Etc/GMT-1	Etc/GMT-1	4bcd52f59d3e57ed01e54fb44b43e76f1f1fbf6887b701352eb95993e7242eda
Etc/GMT-10	Etc/GMT-10	56f746e48a5707fc495f8a26cdfaeb1db964454ce46c26573e14eb2e781ceef9
Etc/GMT-11	Etc/GMT-11	dac60b7d5b83152cbb29cd5638f898d44aaab87c395f1e076c303540e2f585ce
Etc/GMT-12	Etc/GMT-12	89f1d5864e5f733646dc60f2fcdbfb62c2cd6b17fcb2d07832bce05940883655
Etc/GMT-13	Etc/GMT-13	08c90e45d5ec692c8bfb83749f7ec2c9cd650abdb666c5b2ba0f7f41955ed04d
Etc/GMT-14	Etc/GMT-14	34ad3b125c2e794d0e3fc80e46d717514ba0ff7bf8774e2ec5f5473149cb33d5
Etc/GMT-2	Etc/GMT-2	40c4e830b7227f54b848d3ce33132d04ba9cd6c9146272216d40232847407fdc
Etc/GMT-3	Etc/GMT-3	d7418cbdfba5689c034221e258426253f6144728c37cf725e6e827601ba03771
Etc/GMT-4	Etc/GMT-4	73a2b1defe3519192bbe4cbc93bd5d6ff5096e9cb2a763990ac8c34af8e4afab
Etc/GMT-5	Etc/GMT-5	f784ef3bc7bff2de766ecf2bcbbd2702abaf80af2a24a41323b9509d50875fe5
Etc/GMT-6	Etc/GMT-6	ddf1fc797fbed220e28e66004074342145e179ecda8faf9a69d66c40d001e1f1
Etc/GMT-7	Etc/GMT-7	0e7b1327735461818b53015bfcbd7953f19b68c17e69c2d5b0fc933724b21fe3
Etc/GMT-8	Etc/GMT-8	92f19053038d0c11bb9e1129ff0112738c65e31357897122bf102fd3d9e4aff8
Etc/GMT-9	Etc/GMT-9	535591146590016f752572bdf606352bd774ac56580d61f30d4477cfbd4b87a6
Etc/GMT0	UTC	dc4a07571b10884e4f4f3450c9d1a1cbf4c03ef53d06ed2e4ea152d9eba5d5d7
Etc/Greenwich	UTC	dc4a07571b10884e4f4f3450c9d1a1cbf4c03ef53d06ed2e4ea152d9eba5d5d7
Etc/UCT	UTC	fddce1e648a1732ac29afd9a16151b2973cdf082e7ec0c690f7e42be6b598b93
Etc/UTC	UTC	fddce1e648a1732ac29afd9a16151b2973cdf082e7ec0c690f7e42be6b598b93
Etc/Universal	UTC	fddce1e648a1732ac29afd9a16151b2973cdf082e7ec0c690f7e42be6b598b93
Etc/Zulu	UTC	fddce1e648a1732ac29afd9a16151b2973cdf082e7ec0c690f7e42be6b598b93
Europe/Amsterdam	Europe/Amsterdam	b10f9542a8509f0a63ebca78e3d80432dd86b8ea296400280febd9cfa76e8288
Europe/Andorra	Europe/Andorra	95eb93c84e2e76e2015f46876ffecf2bf2a5b25a564b24ba7b4492f3884a16b1
Europe/Astrakhan	Europe/Astrakhan	3f7139503810e20aac322f8a74c016c0e492b6881d70d97dacb31551da452d72
Europe/Athens	Europe/Athens	f1fd678b0548e329b38934f6281255e698dfa761ad1ff841f6ccb79606c61345
Europe/Belfast	Europe/London	676541f0b8ad457c744c093f807589adcad909e3fd03f901787d08786eedbd33
Europe/Belgrade	Europe/Belgrade	a8c964f3eaa7a209d9a650fb16c68c003e9a5fc62ffbbb10fa849d54fb3662d6
Europe/Berlin	Europe/Berlin	a7fd9932d785d4d690900b834c3563c1810c1cf2e01711bcc0926af6c0767cb7
Europe/Bratislava	Europe/Bratislava	f69420d1cb383d4a20e566a41fa7fb096ea1e295664d3076e4f1851608a3da2a
Europe/Brussels	Europe/Brussels	b10f9542a8509f0a63ebca78e3d80432dd86b8ea296400280febd9cfa76e8288
Europe/Bucharest	Europe/Bucharest	898ef81fde9a693309be6a80873528488f128d952d3efbf83c61780a5c059ba5
Europe/Budapest	Europe/Budapest	a8dafebda9680c8d667afb905ea38c90e848713d7de0473338a2228f1ac3315f
Europe/Busingen	Europe/Busingen	199062b1c30cfeb2375ec84c56df52be51891986a6293b7a124d3a62509f45e9
Europe/Chisinau	Europe/Chisinau	439e1ca44e245387148c1141d7d7c5e84bcca73188ff85351a126c8deea0e12e
Europe/Copenhagen	Europe/Copenhagen	a7fd9932d785d4d690900b834c3563c1810c1cf2e01711bcc0926af6c0767cb7
Europe/Dublin	Europe/Dublin	fe9a7bce7d31709ac5d0c26b5d51f3a54a3e6b7095cbabcc3b74c41119e2941a
Europe/Gibraltar	Europe/Gibraltar	b758609434cb50816ab3dd6763996e94dee8c64a005c79e1d338f268a1b66c6f
Europe/Guernsey	Europe/Guernsey	676541f0b8ad457c744c093f807589adcad909e3fd03f901787d08786eedbd33
Europe/Helsinki	Europe/Helsinki	71ca4af5998f09990c5e875d350fc3c8e34f280bae6fe14f36d4692face7a563
Europe/Isle_of_Man	Europe/Isle_of_Man	676541f0b8ad457c744c093f807589adcad909e3fd03f901787d08786eedbd33
Europe/Istanbul	Europe/Istanbul	2a7163b16b94806f69991348e7d0a60c46eb61b1f0305f5f4b83f613db10806f
Europe/Jersey	Europe/Jersey	676541f0b8ad457c744c093f807589adcad909e3fd03f901787d08786eedbd33
Europe/Kaliningrad	Europe/Kaliningrad	e7ba2ff46f26db9c35a4f74917cce8156ceae48e94a01315b24d9e1cf7a56c0f
Europe/Kiev	Europe/Kyiv	0589e80ddecebf9d3077898c12975d2be7393df2856ee9926c534763e1e26bf2
Europe/Kirov	Europe/Kirov	2aa5c67086cc193b8ea0a658046fb96e3ee457315b2b218c03df4f034e35e03d
Europe/Kyiv	Europe/Kyiv	0589e80ddecebf9d3077898c12975d2be7393df2856ee9926c534763e1e26bf2
Europe/Lisbon	Europe/Lisbon	44d2f6cf84737e6a1e0daf914109e94256beca40b40c9a11b7a04e8bddaee4ec
Europe/Ljubljana	Europe/Ljubljana	a8c964f3eaa7a209d9a650fb16c68c003e9a5fc62ffbbb10fa849d54fb3662d6
Europe/London	Europe/London	676541f0b8ad457c744c093f807589adcad909e3fd03f901787d08786eedbd33
Europe/Luxembourg	Europe/Luxembourg	b10f9542a8509f0a63ebca78e3d80432dd86b8ea296400280febd9cfa76e8288
Europe/Madrid	Europe/Madrid	ca5b321ddbfc88e07e0d03ed2fa0c832ce5d0dd8e7d90a25200a8e24898c3b21
Europe/Malta	Europe/Malta	8ab5ff9c30fe05760e6da76ebbfbe13ded45df5c6680bdfae1d48e693fce55ca
Europe/Mariehamn	Europe/Mariehamn	71ca4af5998f09990c5e875d350fc3c8e34f280bae6fe14f36d4692face7a563
Europe/Minsk	Europe/Minsk	f3a88fff10ed89d9140aa8e4a0a847e7f125dd5236d5f4a0a0889797f07351a5
Europe/Monaco	Europe/Monaco	cd588e779c5737d70e4e47158dafab7945b026b2bb34454cc47741815459b068
Europe/Moscow	Europe/Moscow	ed2e0a099fb446b2416683438d3f56f9fc5a62a16c7549a7f59cbc935b364c8a
Europe/Nicosia	Asia/Nicosia	4d862a5a9f2c2b40300541c0a74c2eba2859b90d7d45776ddbc6ed877df33812
Europe/Oslo	Europe/Oslo	a7fd9932d785d4d690900b834c3563c1810c1cf2e01711bcc0926af6c0767cb7
Europe/Paris	Europe/Paris	cd588e779c5737d70e4e47158dafab7945b026b2bb34454cc47741815459b068
Europe/Podgorica	Europe/Podgorica	a8c964f3eaa7a209d9a650fb16c68c003e9a5fc62ffbbb10fa849d54fb3662d6
Europe/Prague	Europe/Prague	f69420d1cb383d4a20e566a41fa7fb096ea1e295664d3076e4f1851608a3da2a
Europe/Riga	Europe/Riga	3d4f1a99ebfef1756f97807f25438e38cd687d231ba2da7edcc3c63c7a4fa13c
Europe/Rome	Europe/Rome	86bd26a06fe3057b36cf29dd7a338f2524aff8116ef08d005aa2114ea6122869
Europe/Samara	Europe/Samara	55ceb40097bed3e6fca6b362170653512d5b09b5b1c6e1279cd720a7c6244116
Europe/San_Marino	Europe/San_Marino	86bd26a06fe3057b36cf29dd7a338f2524aff8116ef08d005aa2114ea6122869
Europe/Sarajevo	Europe/Sarajevo	a8c964f3eaa7a209d9a650fb16c68c003e9a5fc62ffbbb10fa849d54fb3662d6
Europe/Saratov	Europe/Saratov	d1f3777951557b01be0d2564f71240043401d52fcdca7dfb6c73a38f95fc066d
Europe/Simferopol	Europe/Simferopol	cb63726dff4b19536a35d5bf18f4be3480d12eb8b21ffa72c4aa53d339804cae
Europe/Skopje	Europe/Skopje	a8c964f3eaa7a209d9a650fb16c68c003e9a5fc62ffbbb10fa849d54fb3662d6
Europe/Sofia	Europe/Sofia	2d08c2f8e2642f84f365ca83f895287c3020d7ea89ba2ff6462e84a228b632e4
Europe/Stockholm	Europe/Stockholm	a7fd9932d785d4d690900b834c3563c1810c1cf2e01711bcc0926af6c0767cb7
Europe/Tallinn	Europe/Tallinn	47ac917cfa8448e61059fb659dc0d6a3f7d06a4eb579e88440ac20fc2f82ed6f
Europe/Tirane	Europe/Tirane	23e6a501359177c99f4a0be7af774dfc5f6f6d307ae9a96fcf6190a342d46cf7
Europe/Tiraspol	Europe/Chisinau	439e1ca44e245387148c1141d7d7c5e84bcca73188ff85351a126c8deea0e12e
Europe/Ulyanovsk	Europe/Ulyanovsk	daf2b45da86d07f74a8c30d771c8cc8db4366c039f2837baeae303aad8f31e6e
Europe/Uzhgorod	Europe/Kyiv	0589e80ddecebf9d3077898c12975d2be7393df2856ee9926c534763e1e26bf2
Europe/Vaduz	Europe/Vaduz	199062b1c30cfeb2375ec84c56df52be51891986a6293b7a124d3a62509f45e9
Europe/Vatican	Europe/Vatican	86bd26a06fe3057b36cf29dd7a338f2524aff8116ef08d005aa2114ea6122869
Europe/Vienna	Europe/Vienna	abcfd4176dfe287a9cd9acb88eed2a4f54ee052a514e7941ee2eaf125938789c
Europe/Vilnius	Europe/Vilnius	857befd4f6909dd6a94fb85dcb03cedfbdfc63766a6d6fe1271f3b921c9a38f3
Europe/Volgograd	Europe/Volgograd	bf73fa88527ead3849a6b54d0f107b6580eb8a6b6c5bb22f422fe026966224e4
Europe/Warsaw	Europe/Warsaw	e88f5a51f168157a41ac2dd8a4ee0e9a879419c84c6122b4771b1a2a33d93a4c
Europe/Zagreb	Europe/Zagreb	a8c964f3eaa7a209d9a650fb16c68c003e9a5fc62ffbbb10fa849d54fb3662d6
Europe/Zaporozhye	Europe/Kyiv	0589e80ddecebf9d3077898c12975d2be7393df2856ee9926c534763e1e26bf2
Europe/Zurich	Europe/Zurich	199062b1c30cfeb2375ec84c56df52be51891986a6293b7a124d3a62509f45e9
Factory	Factory	d32b579ed0a7427316bea260b9ee2675451046bd58c57c679c24f2671860af76
GB	Europe/London	676541f0b8ad457c744c093f807589adcad909e3fd03f901787d08786eedbd33
GB-Eire	Europe/London	676541f0b8ad457c744c093f807589adcad909e3fd03f901787d08786eedbd33
GMT	UTC	dc4a07571b10884e4f4f3450c9d1a1cbf4c03ef53d06ed2e4ea152d9eba5d5d7
GMT+0	UTC	dc4a07571b10884e4f4f3450c9d1a1cbf4c03ef53d06ed2e4ea152d9eba5d5d7
GMT-0	UTC	dc4a07571b10884e4f4f3450c9d1a1cbf4c03ef53d06ed2e4ea152d9eba5d5d7
GMT0	UTC	dc4a07571b10884e4f4f3450c9d1a1cbf4c03ef53d06ed2e4ea152d9eba5d5d7
Greenwich	UTC	dc4a07571b10884e4f4f3450c9d1a1cbf4c03ef53d06ed2e4ea152d9eba5d5d7
HST	Pacific/Honolulu	1daa5729aa1e0f32cd44be112d01ad4cc567a9fe76d87dcbb9182be8d2c88ff0
Hongkong	Asia/Hong_Kong	f4068f73246db97417f73467453564c57d6646ce4909b9fa2536923efcd7eb4f
Iceland	Atlantic/Reykjavik	f3e7fcaa0e9840ff4169d3567d8fb5926644848f4963d7acf92320843c5d486e
Indian/Antananarivo	Indian/Antananarivo	0783854f52c33ada6b6d2a5d867662f0ae8e15238d2fce7b9ada4f4d319eb466
Indian/Chagos	Indian/Chagos	27f692eebb34646d5d3d319ea245f1349a45e0f76cf2ed5cb78f5c46d5fb8226
Indian/Christmas	Indian/Christmas	cdc8e2c282d8bc9a5e9c3caf2fc45ff4e9e5cd18f5dec8cb873340ad7c584d64
Indian/Cocos	Indian/Cocos	e89d835c811d4da44aa8b386782ce8828df085aa0ee8f25661a9881d2f00e90c
Indian/Comoro	Indian/Comoro	0783854f52c33ada6b6d2a5d867662f0ae8e15238d2fce7b9ada4f4d319eb466
Indian/Kerguelen	Indian/Kerguelen	94485f0f58f842767ec2db93539d5fc3afb2bdce16673d9e63c0988cccd6438e
Indian/Mahe	Indian/Mahe	0d9ea5053e83188032a6fb4d301d5db688f43011e5b6b1f917a11b71a0da7b16
Indian/Maldives	Indian/Maldives	94485f0f58f842767ec2db93539d5fc3afb2bdce16673d9e63c0988cccd6438e
Indian/Mauritius	Indian/Mauritius	47aa5d25a96b1d52b92e518e984b320faebff9ce5af69b4933ec44ef5168f214
Indian/Mayotte	Indian/Mayotte	0783854f52c33ada6b6d2a5d867662f0ae8e15238d2fce7b9ada4f4d319eb466
Indian/Reunion	Indian/Reunion	0d9ea5053e83188032a6fb4d301d5db688f43011e5b6b1f917a11b71a0da7b16
Iran	Asia/Tehran	65ac5ec01f3721d608195a49bdca7c7accb3de27df020c44cec8fb70cada4377
Israel	Asia/Jerusalem	9fcde8d584dea0585f5c8727aaf35f48a149e0dbd3a83bf6cef8bca9c14021e3
Jamaica	America/Jamaica	a437b1700333aeff53a8b5868d5387c080dc14c2d3e95aa5ce36f901b3669284
Japan	Asia/Tokyo	59a3871430f0d3b93e619fa30a43a41d1e88bdd49ff26f09d0f405a500706f96
Kwajalein	Pacific/Kwajalein	4be6458ba89d2b30da7a52f2ec346318f783d2cee856e777c4b33164a365064f
Libya	Africa/Tripoli	cf33012d9661e15438fc045ee64e0bfebb2ea8a3fb79d2af56df05ea4be3e453
MET	Europe/Brussels	b10f9542a8509f0a63ebca78e3d80432dd86b8ea296400280febd9cfa76e8288
MST	America/Phoenix	ae11453c21d08984de75f2efec04dc93178a7b4e23c5e52f2098b8bd45ccb547
MST7MDT	America/Denver	9bb703920eca4b6119e81a105583a4f6ca220651f13b418479ab7cd56c413f3e
Mexico/BajaNorte	America/Tijuana	af9aea4aee505143fa5e847643c0ffe164190c38411010ac7f0b170f4098a6c8
Mexico/BajaSur	America/Mazatlan	20dede710f520eaf6c0cdbeefe773fc6e30dd8b1d28aaf17e9842099551ee9a6
Mexico/General	America/Mexico_City	37dd2bf08f13fce0f707c3b1f4cec4018efbd9c47c8367b0fb4debbd461bd72f
NZ	Pacific/Auckland	0e06e7e55aedbc92ef5b3d106e7c392ab1628cfd8a428b20e92e99028a0bfbb9
NZ-CHAT	Pacific/Chatham	a67858fcb6fc5787a8e9c2b7c8be8964bd3ce9223f7ad1baac2c9ca6925f4c78
Navajo	America/Denver	9bb703920eca4b6119e81a105583a4f6ca220651f13b418479ab7cd56c413f3e
PRC	Asia/Shanghai	bf8b7ed82fe6e63e6d98f8cea934eeac901cd16aba85eb5755ce3f8b4289ea8a
PST8PDT	America/Los_Angeles	200d05754f6d83a371cf408d7085125797657b3b0bebeba1e508cffe86a3e5c8
Pacific/Apia	Pacific/Apia	dc70c47c80ab2c87a1ab754bab8febfc38508059e249dfe55e73a3759808ea14
Pacific/Auckland	Pacific/Auckland	0e06e7e55aedbc92ef5b3d106e7c392ab1628cfd8a428b20e92e99028a0bfbb9
Pacific/Bougainville	Pacific/Bougainville	aea767d58e0749aaf1faf8cf934d25b0735f863dc842028256202cba6b8dfc86
Pacific/Chatham	Pacific/Chatham	a67858fcb6fc5787a8e9c2b7c8be8964bd3ce9223f7ad1baac2c9ca6925f4c78
Pacific/Chuuk	Pacific/Chuuk	683001055b6ef9dc9d88734e0eddd1782f1c3643b7c13a75e9cf8e9052006e19
Pacific/Easter	Pacific/Easter	13054cef85e3b1ba0f5712bd6d699d7789d3aedbdab0fd7394b771acc07f61a1
Pacific/Efate	Pacific/Efate	2e25ffad37e2a5087f567a9bfe6ece1b1c81b720140bd5003552875292e809c5
Pacific/Enderbury	Pacific/Kanton	a23386fa8aa2db91ce9d8e811616afff76e65a0d4b0c82d3e2ffa4c4e155baa2
Pacific/Fakaofo	Pacific/Fakaofo	51ff3378c2f65fc7683e0f025fea7498c18ff883a3eda1c031eed42c3e648710
Pacific/Fiji	Pacific/Fiji	ba608d86d4ee0738935e77be580c73bd8bc62aa6714d8393c0afad261621e0c4
Pacific/Funafuti	Pacific/Funafuti	09035620bd831697a3e9072f82de34cfca5e912d50c8da547739aa2f28fb6d8e
Pacific/Galapagos	Pacific/Galapagos	6752893d94af3bc33f3dacbd58b70d031ce3a3c8a63eb43b1675cd3977d997c7
Pacific/Gambier	Pacific/Gambier	c8887cea18e90e4d704564d525138e1aa9fdb6473b7bdfceeb3371aacfb00683
Pacific/Guadalcanal	Pacific/Guadalcanal	522f0f374b61e2c6f5fa7d19f1c7acccd09e4a213462ee3b42c90d32bf2bf18c
Pacific/Guam	Pacific/Guam	8b9ede33ab32ae2505bc06eb5402e7ce20b0fc8e2510dcb305c25d39a1fbd725
Pacific/Honolulu	Pacific/Honolulu	1daa5729aa1e0f32cd44be112d01ad4cc567a9fe76d87dcbb9182be8d2c88ff0
Pacific/Johnston	Pacific/Johnston	1daa5729aa1e0f32cd44be112d01ad4cc567a9fe76d87dcbb9182be8d2c88ff0
Pacific/Kanton	Pacific/Kanton	a23386fa8aa2db91ce9d8e811616afff76e65a0d4b0c82d3e2ffa4c4e155baa2
Pacific/Kiritimati	Pacific/Kiritimati	71454698c44182595fb982775f4074ce0d017fe2cfa3d97b2dee63bbcf36771e
Pacific/Kosrae	Pacific/Kosrae	a5030b2578a5ca03e19649b48c2a3926e566a6660980b21d89357178fe7d6448
Pacific/Kwajalein	Pacific/Kwajalein	4be6458ba89d2b30da7a52f2ec346318f783d2cee856e777c4b33164a365064f
Pacific/Majuro	Pacific/Majuro	09035620bd831697a3e9072f82de34cfca5e912d50c8da547739aa2f28fb6d8e
Pacific/Marquesas	Pacific/Marquesas	8a5a6b911be7f8dd578e9b5223fd19c148deba890ffb997ae2e2a3441a74931c
Pacific/Midway	Pacific/Midway	650d918751366590553063cd681592fdca8a09957e0ce2c18d6697ec385ef796
Pacific/Nauru	Pacific/Nauru	c1a85938d8eb78d026630850d8259d28c004dd2566e12d9a62f319a9c0254987
Pacific/Niue	Pacific/Niue	f1659e6ed8029eb3012a3b8b3446045a592d348da8a769242a093455ccfc19a3
Pacific/Norfolk	Pacific/Norfolk	bcbf06e96e4249c62aa7bea0d1bd7950f2181f0d8bb7ad2a3a4b47505edc683b
Pacific/Noumea	Pacific/Noumea	7b35329fb0185816e5ad96d2b6522d258bbb5c83422e28a1ac205907e065f90c
Pacific/Pago_Pago	Pacific/Pago_Pago	650d918751366590553063cd681592fdca8a09957e0ce2c18d6697ec385ef796
Pacific/Palau	Pacific/Palau	5642d1b0a514557a37ceb8405e7f6233ea4ac926c62157f35a8a290e199c78c0
Pacific/Pitcairn	Pacific/Pitcairn	00987aa252715d0cc231628e139c9ee231df820d5503ef7e80267931bad7ffc1
Pacific/Pohnpei	Pacific/Pohnpei	522f0f374b61e2c6f5fa7d19f1c7acccd09e4a213462ee3b42c90d32bf2bf18c
Pacific/Ponape	Pacific/Pohnpei	522f0f374b61e2c6f5fa7d19f1c7acccd09e4a213462ee3b42c90d32bf2bf18c
Pacific/Port_Moresby	Pacific/Port_Moresby	683001055b6ef9dc9d88734e0eddd1782f1c3643b7c13a75e9cf8e9052006e19
Pacific/Rarotonga	Pacific/Rarotonga	27a6b698ead3a786ec64da2f8f71e324af40549f3d3e1744a5030c543fff8b5f
Pacific/Saipan	Pacific/Saipan	8b9ede33ab32ae2505bc06eb5402e7ce20b0fc8e2510dcb305c25d39a1fbd725
Pacific/Samoa	Pacific/Pago_Pago	650d918751366590553063cd681592fdca8a09957e0ce2c18d6697ec385ef796
Pacific/Tahiti	Pacific/Tahiti	22f72cd3886d8711108f523fe9a00273bd01cb4966c65be180615887ce377b5e
Pacific/Tarawa	Pacific/Tarawa	09035620bd831697a3e9072f82de34cfca5e912d50c8da547739aa2f28fb6d8e
Pacific/Tongatapu	Pacific/Tongatapu	9a31a33525004dfc34c8b181d33b0bc73dff2f5b96c4f00d30bf0ae0741020c6
Pacific/Truk	Pacific/Chuuk	683001055b6ef9dc9d88734e0eddd1782f1c3643b7c13a75e9cf8e9052006e19
Pacific/Wake	Pacific/Wake	09035620bd831697a3e9072f82de34cfca5e912d50c8da547739aa2f28fb6d8e
Pacific/Wallis	Pacific/Wallis	09035620bd831697a3e9072f82de34cfca5e912d50c8da547739aa2f28fb6d8e
Pacific/Yap	Pacific/Chuuk	683001055b6ef9dc9d88734e0eddd1782f1c3643b7c13a75e9cf8e9052006e19
Poland	Europe/Warsaw	e88f5a51f168157a41ac2dd8a4ee0e9a879419c84c6122b4771b1a2a33d93a4c
Portugal	Europe/Lisbon	44d2f6cf84737e6a1e0daf914109e94256beca40b40c9a11b7a04e8bddaee4ec
ROC	Asia/Taipei	a04c2c72f4f76a83178d036dd97d157ee1f32e478e44dda7a5c10923687ee6cf
ROK	Asia/Seoul	64a70b6fbcc9b65e762dbd25eb89b6f40c137146edc8dbd4d081eafacdab78de
Singapore	Asia/Singapore	0954b2d9a301d94f4348024606a71bbcb2fa24d3cd3709f5bc8bca605039785d
Turkey	Europe/Istanbul	2a7163b16b94806f69991348e7d0a60c46eb61b1f0305f5f4b83f613db10806f
UCT	UTC	fddce1e648a1732ac29afd9a16151b2973cdf082e7ec0c690f7e42be6b598b93
US/Alaska	America/Anchorage	77ca0c22962f06998bce5e48d81cb865a14466c83ff5dc607eaa483344058bf6
US/Aleutian	America/Adak	abfb1980e20d5f84ec5fd881c7580d77a5c6c019f30a383aaa97404212b489e0
US/Arizona	America/Phoenix	ae11453c21d08984de75f2efec04dc93178a7b4e23c5e52f2098b8bd45ccb547
US/Central	America/Chicago	c27b739ff46a7df0594e120d725b439217e11e44ea9a50cdc49130383b5482e7
US/East-Indiana	America/Indiana/Indianapolis	e678f42a13efbd7be0f26a9ce53e04b1c28a582eab05611cb01c16836432f07b
US/Eastern	America/New_York	d7f2206b3a45989fc9ad63d558922532fa7352280d5f87176bf1db79cb1d1fa9
US/Hawaii	Pacific/Honolulu	1daa5729aa1e0f32cd44be112d01ad4cc567a9fe76d87dcbb9182be8d2c88ff0
US/Indiana-Starke	America/Indiana/Knox	2890b35dcb7c093308b552d82d8781a8ce9a4fa6f9de058283a6836ec1f9f282
US/Michigan	America/Detroit	23817c32df67c77f0017a0feb2d798b2405afc71ceea3294d7e5b4c9116be740
US/Mountain	America/Denver	9bb703920eca4b6119e81a105583a4f6ca220651f13b418479ab7cd56c413f3e
US/Pacific	America/Los_Angeles	200d05754f6d83a371cf408d7085125797657b3b0bebeba1e508cffe86a3e5c8
US/Samoa	Pacific/Pago_Pago	650d918751366590553063cd681592fdca8a09957e0ce2c18d6697ec385ef796
UTC	UTC	fddce1e648a1732ac29afd9a16151b2973cdf082e7ec0c690f7e42be6b598b93
Universal	UTC	fddce1e648a1732ac29afd9a16151b2973cdf082e7ec0c690f7e42be6b598b93
W-SU	Europe/Moscow	ed2e0a099fb446b2416683438d3f56f9fc5a62a16c7549a7f59cbc935b364c8a
WET	Europe/Lisbon	44d2f6cf84737e6a1e0daf914109e94256beca40b40c9a11b7a04e8bddaee4ec
Zulu	UTC	fddce1e648a1732ac29afd9a16151b2973cdf082e7ec0c690f7e42be6b598b93
